[{"model": "mysite.author", "pk": 1, "fields": {"name": "James Cobb", "age": 59}}, {"model": "mysite.author", "pk": 2, "fields": {"name": "James Lloyd", "age": 26}}, {"model": "mysite.author", "pk": 3, "fields": {"name": "Sherry Gutierrez", "age": 25}}, {"model": "mysite.author", "pk": 4, "fields": {"name": "Michael Jones", "age": 32}}, {"model": "mysite.author", "pk": 5, "fields": {"name": "Grant Smith", "age": 87}}, {"model": "mysite.author", "pk": 6, "fields": {"name": "Michael Rivera", "age": 28}}, {"model": "mysite.author", "pk": 7, "fields": {"name": "Michael Odonnell", "age": 29}}, {"model": "mysite.author", "pk": 8, "fields": {"name": "Andrew Ochoa", "age": 47}}, {"model": "mysite.author", "pk": 9, "fields": {"name": "Christian Armstrong", "age": 19}}, {"model": "mysite.author", "pk": 10, "fields": {"name": "Matthew Gonzalez", "age": 78}}, {"model": "mysite.publisher", "pk": 1, "fields": {"name": "Publisher1"}}, {"model": "mysite.publisher", "pk": 2, "fields": {"name": "Publisher2"}}, {"model": "mysite.publisher", "pk": 3, "fields": {"name": "Publisher3"}}, {"model": "mysite.publisher", "pk": 4, "fields": {"name": "Publisher4"}}, {"model": "mysite.publisher", "pk": 5, "fields": {"name": "Publisher5"}}, {"model": "mysite.book", "pk": 1, "fields": {"name": "It", "pages": 925, "price": "585.63", "rating": 8.0, "publisher": 1, "pubdate": "1988-09-18", "authors": [6]}}, {"model": "mysite.book", "pk": 2, "fields": {"name": "Difference", "pages": 787, "price": "397.00", "rating": 10.0, "publisher": 1, "pubdate": "1995-03-16", "authors": [3]}}, {"model": "mysite.book", "pk": 3, "fields": {"name": "Run", "pages": 764, "price": "372.75", "rating": 10.0, "publisher": 1, "pubdate": "1973-12-26", "authors": [5]}}, {"model": "mysite.book", "pk": 4, "fields": {"name": "Heart", "pages": 256, "price": "511.33", "rating": 8.0, "publisher": 1, "pubdate": "1973-11-10", "authors": [8]}}, {"model": "mysite.book", "pk": 5, "fields": {"name": "Clearly", "pages": 739, "price": "819.96", "rating": 3.0, "publisher": 1, "pubdate": "2021-04-25", "authors": [4]}}, {"model": "mysite.book", "pk": 6, "fields": {"name": "Fly", "pages": 464, "price": "634.96", "rating": 4.0, "publisher": 1, "pubdate": "1996-03-21", "authors": [10]}}, {"model": "mysite.book", "pk": 7, "fields": {"name": "Training", "pages": 562, "price": "803.43", "rating": 9.0, "publisher": 1, "pubdate": "1992-10-19", "authors": [9]}}, {"model": "mysite.book", "pk": 8, "fields": {"name": "Help", "pages": 961, "price": "629.21", "rating": 1.0, "publisher": 1, "pubdate": "1992-08-11", "authors": [9]}}, {"model": "mysite.book", "pk": 9, "fields": {"name": "Mean", "pages": 308, "price": "603.32", "rating": 1.0, "publisher": 1, "pubdate": "2013-05-05", "authors": [7]}}, {"model": "mysite.book", "pk": 10, "fields": {"name": "Check", "pages": 713, "price": "807.61", "rating": 8.0, "publisher": 1, "pubdate": "1988-08-29", "authors": [6]}}, {"model": "mysite.book", "pk": 11, "fields": {"name": "Weight", "pages": 799, "price": "391.03", "rating": 6.0, "publisher": 1, "pubdate": "1985-07-19", "authors": [1]}}, {"model": "mysite.book", "pk": 12, "fields": {"name": "Thus", "pages": 887, "price": "896.13", "rating": 1.0, "publisher": 1, "pubdate": "2007-07-13", "authors": [5]}}, {"model": "mysite.book", "pk": 13, "fields": {"name": "For", "pages": 507, "price": "701.60", "rating": 6.0, "publisher": 1, "pubdate": "2017-11-10", "authors": [9]}}, {"model": "mysite.book", "pk": 14, "fields": {"name": "Finish", "pages": 743, "price": "786.86", "rating": 8.0, "publisher": 1, "pubdate": "1980-10-29", "authors": [9]}}, {"model": "mysite.book", "pk": 15, "fields": {"name": "Congress", "pages": 447, "price": "326.92", "rating": 8.0, "publisher": 1, "pubdate": "2010-06-09", "authors": [4]}}, {"model": "mysite.book", "pk": 16, "fields": {"name": "Summer", "pages": 518, "price": "321.24", "rating": 3.0, "publisher": 1, "pubdate": "2002-04-18", "authors": [1]}}, {"model": "mysite.book", "pk": 17, "fields": {"name": "However", "pages": 841, "price": "492.88", "rating": 7.0, "publisher": 1, "pubdate": "2021-05-21", "authors": [3]}}, {"model": "mysite.book", "pk": 18, "fields": {"name": "Reduce", "pages": 510, "price": "610.65", "rating": 6.0, "publisher": 1, "pubdate": "2014-05-05", "authors": [1]}}, {"model": "mysite.book", "pk": 19, "fields": {"name": "Word", "pages": 353, "price": "790.91", "rating": 10.0, "publisher": 1, "pubdate": "1991-05-26", "authors": [7]}}, {"model": "mysite.book", "pk": 20, "fields": {"name": "Mr", "pages": 747, "price": "429.84", "rating": 6.0, "publisher": 1, "pubdate": "2018-09-19", "authors": [1]}}, {"model": "mysite.book", "pk": 21, "fields": {"name": "Forget", "pages": 468, "price": "826.11", "rating": 2.0, "publisher": 2, "pubdate": "2013-07-28", "authors": [10]}}, {"model": "mysite.book", "pk": 22, "fields": {"name": "Population", "pages": 198, "price": "709.05", "rating": 6.0, "publisher": 2, "pubdate": "1990-11-10", "authors": [5]}}, {"model": "mysite.book", "pk": 23, "fields": {"name": "Conference", "pages": 860, "price": "313.70", "rating": 10.0, "publisher": 2, "pubdate": "1992-07-31", "authors": [4]}}, {"model": "mysite.book", "pk": 24, "fields": {"name": "Back", "pages": 739, "price": "777.11", "rating": 6.0, "publisher": 2, "pubdate": "1993-05-28", "authors": [5]}}, {"model": "mysite.book", "pk": 25, "fields": {"name": "Boy", "pages": 600, "price": "361.53", "rating": 1.0, "publisher": 2, "pubdate": "1984-10-03", "authors": [8]}}, {"model": "mysite.book", "pk": 26, "fields": {"name": "Today", "pages": 912, "price": "377.30", "rating": 9.0, "publisher": 2, "pubdate": "1989-08-08", "authors": [5]}}, {"model": "mysite.book", "pk": 27, "fields": {"name": "Middle", "pages": 239, "price": "354.08", "rating": 3.0, "publisher": 2, "pubdate": "1976-11-10", "authors": [1]}}, {"model": "mysite.book", "pk": 28, "fields": {"name": "Close", "pages": 1035, "price": "810.23", "rating": 9.0, "publisher": 2, "pubdate": "2014-09-12", "authors": [1]}}, {"model": "mysite.book", "pk": 29, "fields": {"name": "Participant", "pages": 831, "price": "562.31", "rating": 10.0, "publisher": 2, "pubdate": "1986-09-17", "authors": [5]}}, {"model": "mysite.book", "pk": 30, "fields": {"name": "Study", "pages": 475, "price": "594.08", "rating": 6.0, "publisher": 2, "pubdate": "2010-07-20", "authors": [5]}}, {"model": "mysite.book", "pk": 31, "fields": {"name": "Wrong", "pages": 201, "price": "359.26", "rating": 8.0, "publisher": 2, "pubdate": "2006-11-06", "authors": [6]}}, {"model": "mysite.book", "pk": 32, "fields": {"name": "Today", "pages": 150, "price": "569.85", "rating": 6.0, "publisher": 2, "pubdate": "1997-10-23", "authors": [1]}}, {"model": "mysite.book", "pk": 33, "fields": {"name": "True", "pages": 206, "price": "681.76", "rating": 8.0, "publisher": 2, "pubdate": "1981-06-17", "authors": [4]}}, {"model": "mysite.book", "pk": 34, "fields": {"name": "Sea", "pages": 828, "price": "667.57", "rating": 1.0, "publisher": 2, "pubdate": "1989-02-13", "authors": [9]}}, {"model": "mysite.book", "pk": 35, "fields": {"name": "Political", "pages": 683, "price": "888.59", "rating": 7.0, "publisher": 2, "pubdate": "2014-05-12", "authors": [7]}}, {"model": "mysite.book", "pk": 36, "fields": {"name": "Address", "pages": 785, "price": "561.16", "rating": 6.0, "publisher": 2, "pubdate": "1971-01-05", "authors": [10]}}, {"model": "mysite.book", "pk": 37, "fields": {"name": "Happy", "pages": 1075, "price": "318.79", "rating": 6.0, "publisher": 2, "pubdate": "1996-10-08", "authors": [6]}}, {"model": "mysite.book", "pk": 38, "fields": {"name": "Parent", "pages": 378, "price": "673.03", "rating": 9.0, "publisher": 2, "pubdate": "1978-08-29", "authors": [4]}}, {"model": "mysite.book", "pk": 39, "fields": {"name": "Rate", "pages": 902, "price": "403.71", "rating": 10.0, "publisher": 2, "pubdate": "2004-11-12", "authors": [6]}}, {"model": "mysite.book", "pk": 40, "fields": {"name": "Personal", "pages": 1085, "price": "670.31", "rating": 3.0, "publisher": 2, "pubdate": "1998-02-25", "authors": [1]}}, {"model": "mysite.book", "pk": 41, "fields": {"name": "Executive", "pages": 560, "price": "711.12", "rating": 8.0, "publisher": 3, "pubdate": "1996-06-15", "authors": [5]}}, {"model": "mysite.book", "pk": 42, "fields": {"name": "Could", "pages": 629, "price": "682.61", "rating": 3.0, "publisher": 3, "pubdate": "2009-02-07", "authors": [2]}}, {"model": "mysite.book", "pk": 43, "fields": {"name": "Game", "pages": 582, "price": "433.40", "rating": 4.0, "publisher": 3, "pubdate": "2002-03-20", "authors": [9]}}, {"model": "mysite.book", "pk": 44, "fields": {"name": "Difference", "pages": 686, "price": "549.30", "rating": 6.0, "publisher": 3, "pubdate": "2019-05-11", "authors": [1]}}, {"model": "mysite.book", "pk": 45, "fields": {"name": "Single", "pages": 605, "price": "861.75", "rating": 8.0, "publisher": 3, "pubdate": "2000-08-07", "authors": [3]}}, {"model": "mysite.book", "pk": 46, "fields": {"name": "Laugh", "pages": 727, "price": "440.59", "rating": 7.0, "publisher": 3, "pubdate": "1981-06-07", "authors": [4]}}, {"model": "mysite.book", "pk": 47, "fields": {"name": "Sea", "pages": 110, "price": "452.91", "rating": 9.0, "publisher": 3, "pubdate": "1996-11-01", "authors": [5]}}, {"model": "mysite.book", "pk": 48, "fields": {"name": "Hope", "pages": 958, "price": "880.14", "rating": 1.0, "publisher": 3, "pubdate": "1970-02-25", "authors": [3]}}, {"model": "mysite.book", "pk": 49, "fields": {"name": "Over", "pages": 112, "price": "597.20", "rating": 5.0, "publisher": 3, "pubdate": "1980-09-23", "authors": [8]}}, {"model": "mysite.book", "pk": 50, "fields": {"name": "Peace", "pages": 969, "price": "418.83", "rating": 5.0, "publisher": 3, "pubdate": "1991-05-22", "authors": [3]}}, {"model": "mysite.book", "pk": 51, "fields": {"name": "Thus", "pages": 568, "price": "315.57", "rating": 1.0, "publisher": 3, "pubdate": "2018-11-15", "authors": [10]}}, {"model": "mysite.book", "pk": 52, "fields": {"name": "Away", "pages": 872, "price": "896.01", "rating": 5.0, "publisher": 3, "pubdate": "2016-11-26", "authors": [6]}}, {"model": "mysite.book", "pk": 53, "fields": {"name": "Class", "pages": 311, "price": "579.65", "rating": 2.0, "publisher": 3, "pubdate": "2019-02-22", "authors": [2]}}, {"model": "mysite.book", "pk": 54, "fields": {"name": "Organization", "pages": 994, "price": "550.64", "rating": 9.0, "publisher": 3, "pubdate": "1975-03-15", "authors": [8]}}, {"model": "mysite.book", "pk": 55, "fields": {"name": "Personal", "pages": 346, "price": "450.25", "rating": 8.0, "publisher": 3, "pubdate": "2004-04-20", "authors": [2]}}, {"model": "mysite.book", "pk": 56, "fields": {"name": "Hope", "pages": 889, "price": "375.14", "rating": 8.0, "publisher": 3, "pubdate": "1971-07-14", "authors": [6]}}, {"model": "mysite.book", "pk": 57, "fields": {"name": "Reach", "pages": 653, "price": "417.42", "rating": 4.0, "publisher": 3, "pubdate": "2017-11-11", "authors": [9]}}, {"model": "mysite.book", "pk": 58, "fields": {"name": "Myself", "pages": 964, "price": "579.22", "rating": 3.0, "publisher": 3, "pubdate": "1974-03-04", "authors": [2]}}, {"model": "mysite.book", "pk": 59, "fields": {"name": "Maintain", "pages": 719, "price": "656.21", "rating": 9.0, "publisher": 3, "pubdate": "2010-11-05", "authors": [6]}}, {"model": "mysite.book", "pk": 60, "fields": {"name": "Today", "pages": 890, "price": "539.58", "rating": 9.0, "publisher": 3, "pubdate": "1984-06-16", "authors": [1]}}, {"model": "mysite.book", "pk": 61, "fields": {"name": "Likely", "pages": 634, "price": "831.30", "rating": 1.0, "publisher": 4, "pubdate": "1992-06-09", "authors": [5]}}, {"model": "mysite.book", "pk": 62, "fields": {"name": "Soon", "pages": 774, "price": "571.47", "rating": 1.0, "publisher": 4, "pubdate": "1972-10-18", "authors": [8]}}, {"model": "mysite.book", "pk": 63, "fields": {"name": "Establish", "pages": 1009, "price": "728.68", "rating": 7.0, "publisher": 4, "pubdate": "1990-01-09", "authors": [8]}}, {"model": "mysite.book", "pk": 64, "fields": {"name": "Born", "pages": 114, "price": "784.65", "rating": 8.0, "publisher": 4, "pubdate": "2021-05-05", "authors": [2]}}, {"model": "mysite.book", "pk": 65, "fields": {"name": "Culture", "pages": 792, "price": "300.48", "rating": 5.0, "publisher": 4, "pubdate": "2006-07-11", "authors": [4]}}, {"model": "mysite.book", "pk": 66, "fields": {"name": "Share", "pages": 947, "price": "636.51", "rating": 2.0, "publisher": 4, "pubdate": "1996-02-26", "authors": [8]}}, {"model": "mysite.book", "pk": 67, "fields": {"name": "Film", "pages": 244, "price": "398.67", "rating": 1.0, "publisher": 4, "pubdate": "1980-03-27", "authors": [8]}}, {"model": "mysite.book", "pk": 68, "fields": {"name": "Cut", "pages": 158, "price": "466.65", "rating": 5.0, "publisher": 4, "pubdate": "1979-05-04", "authors": [4]}}, {"model": "mysite.book", "pk": 69, "fields": {"name": "Have", "pages": 924, "price": "660.39", "rating": 3.0, "publisher": 4, "pubdate": "2009-01-28", "authors": [2]}}, {"model": "mysite.book", "pk": 70, "fields": {"name": "Wall", "pages": 259, "price": "629.17", "rating": 2.0, "publisher": 4, "pubdate": "1988-07-15", "authors": [7]}}, {"model": "mysite.book", "pk": 71, "fields": {"name": "Industry", "pages": 923, "price": "449.46", "rating": 10.0, "publisher": 4, "pubdate": "2014-04-07", "authors": [10]}}, {"model": "mysite.book", "pk": 72, "fields": {"name": "Check", "pages": 381, "price": "337.29", "rating": 10.0, "publisher": 4, "pubdate": "2007-06-08", "authors": [4]}}, {"model": "mysite.book", "pk": 73, "fields": {"name": "Remember", "pages": 1019, "price": "367.54", "rating": 6.0, "publisher": 4, "pubdate": "2005-08-10", "authors": [2]}}, {"model": "mysite.book", "pk": 74, "fields": {"name": "Least", "pages": 835, "price": "539.47", "rating": 4.0, "publisher": 4, "pubdate": "2014-12-01", "authors": [1]}}, {"model": "mysite.book", "pk": 75, "fields": {"name": "Another", "pages": 404, "price": "458.27", "rating": 6.0, "publisher": 4, "pubdate": "2000-07-15", "authors": [10]}}, {"model": "mysite.book", "pk": 76, "fields": {"name": "Official", "pages": 720, "price": "774.36", "rating": 8.0, "publisher": 4, "pubdate": "1984-01-26", "authors": [7]}}, {"model": "mysite.book", "pk": 77, "fields": {"name": "Agent", "pages": 854, "price": "492.65", "rating": 1.0, "publisher": 4, "pubdate": "2021-03-11", "authors": [5]}}, {"model": "mysite.book", "pk": 78, "fields": {"name": "If", "pages": 391, "price": "365.22", "rating": 5.0, "publisher": 4, "pubdate": "2020-10-23", "authors": [6]}}, {"model": "mysite.book", "pk": 79, "fields": {"name": "I", "pages": 1069, "price": "890.72", "rating": 5.0, "publisher": 4, "pubdate": "2008-05-27", "authors": [7]}}, {"model": "mysite.book", "pk": 80, "fields": {"name": "Campaign", "pages": 711, "price": "475.12", "rating": 2.0, "publisher": 4, "pubdate": "2002-12-22", "authors": [2]}}, {"model": "mysite.book", "pk": 81, "fields": {"name": "Ability", "pages": 182, "price": "629.73", "rating": 3.0, "publisher": 5, "pubdate": "1970-12-27", "authors": [10]}}, {"model": "mysite.book", "pk": 82, "fields": {"name": "Family", "pages": 341, "price": "540.87", "rating": 8.0, "publisher": 5, "pubdate": "1970-02-06", "authors": [5]}}, {"model": "mysite.book", "pk": 83, "fields": {"name": "Glass", "pages": 869, "price": "717.63", "rating": 5.0, "publisher": 5, "pubdate": "1973-07-10", "authors": [2]}}, {"model": "mysite.book", "pk": 84, "fields": {"name": "Minute", "pages": 168, "price": "474.85", "rating": 10.0, "publisher": 5, "pubdate": "2004-10-31", "authors": [8]}}, {"model": "mysite.book", "pk": 85, "fields": {"name": "Green", "pages": 101, "price": "556.14", "rating": 5.0, "publisher": 5, "pubdate": "2015-03-30", "authors": [2]}}, {"model": "mysite.book", "pk": 86, "fields": {"name": "Great", "pages": 127, "price": "412.01", "rating": 3.0, "publisher": 5, "pubdate": "1991-07-10", "authors": [7]}}, {"model": "mysite.book", "pk": 87, "fields": {"name": "Spend", "pages": 287, "price": "654.16", "rating": 9.0, "publisher": 5, "pubdate": "1973-11-22", "authors": [9]}}, {"model": "mysite.book", "pk": 88, "fields": {"name": "Mr", "pages": 430, "price": "588.73", "rating": 10.0, "publisher": 5, "pubdate": "2021-02-02", "authors": [2]}}, {"model": "mysite.book", "pk": 89, "fields": {"name": "Doctor", "pages": 598, "price": "300.62", "rating": 5.0, "publisher": 5, "pubdate": "1990-07-26", "authors": [10]}}, {"model": "mysite.book", "pk": 90, "fields": {"name": "Take", "pages": 101, "price": "666.23", "rating": 9.0, "publisher": 5, "pubdate": "1971-09-25", "authors": [6]}}, {"model": "mysite.book", "pk": 91, "fields": {"name": "Star", "pages": 782, "price": "860.27", "rating": 9.0, "publisher": 5, "pubdate": "1989-08-31", "authors": [5]}}, {"model": "mysite.book", "pk": 92, "fields": {"name": "Hand", "pages": 138, "price": "375.16", "rating": 8.0, "publisher": 5, "pubdate": "2004-08-18", "authors": [6]}}, {"model": "mysite.book", "pk": 93, "fields": {"name": "Decision", "pages": 697, "price": "660.70", "rating": 3.0, "publisher": 5, "pubdate": "1991-11-01", "authors": [8]}}, {"model": "mysite.book", "pk": 94, "fields": {"name": "Reality", "pages": 1097, "price": "546.98", "rating": 10.0, "publisher": 5, "pubdate": "1995-04-24", "authors": [4]}}, {"model": "mysite.book", "pk": 95, "fields": {"name": "Which", "pages": 899, "price": "458.60", "rating": 10.0, "publisher": 5, "pubdate": "2013-11-14", "authors": [8]}}, {"model": "mysite.book", "pk": 96, "fields": {"name": "Thousand", "pages": 592, "price": "569.67", "rating": 7.0, "publisher": 5, "pubdate": "1986-03-29", "authors": [4]}}, {"model": "mysite.book", "pk": 97, "fields": {"name": "Able", "pages": 155, "price": "706.35", "rating": 2.0, "publisher": 5, "pubdate": "2004-06-30", "authors": [10]}}, {"model": "mysite.book", "pk": 98, "fields": {"name": "Fill", "pages": 850, "price": "881.63", "rating": 4.0, "publisher": 5, "pubdate": "2007-06-17", "authors": [7]}}, {"model": "mysite.book", "pk": 99, "fields": {"name": "Number", "pages": 748, "price": "509.30", "rating": 3.0, "publisher": 5, "pubdate": "1989-06-03", "authors": [10]}}, {"model": "mysite.book", "pk": 100, "fields": {"name": "Professional", "pages": 507, "price": "746.32", "rating": 4.0, "publisher": 5, "pubdate": "2002-07-21", "authors": [10]}}, {"model": "mysite.store", "pk": 1, "fields": {"name": "Store1", "books": [1, 2, 3, 4, 5, 6, 7, 8, 9, 10]}}, {"model": "mysite.store", "pk": 2, "fields": {"name": "Store2", "books": [11, 12, 13, 14, 15, 16, 17, 18, 19, 20]}}, {"model": "mysite.store", "pk": 3, "fields": {"name": "Store3", "books": [21, 22, 23, 24, 25, 26, 27, 28, 29, 30]}}, {"model": "mysite.store", "pk": 4, "fields": {"name": "Store4", "books": [31, 32, 33, 34, 35, 36, 37, 38, 39, 40]}}, {"model": "mysite.store", "pk": 5, "fields": {"name": "Store5", "books": [41, 42, 43, 44, 45, 46, 47, 48, 49, 50]}}, {"model": "mysite.store", "pk": 6, "fields": {"name": "Store6", "books": [51, 52, 53, 54, 55, 56, 57, 58, 59, 60]}}, {"model": "mysite.store", "pk": 7, "fields": {"name": "Store7", "books": [61, 62, 63, 64, 65, 66, 67, 68, 69, 70]}}, {"model": "mysite.store", "pk": 8, "fields": {"name": "Store8", "books": [71, 72, 73, 74, 75, 76, 77, 78, 79, 80]}}, {"model": "mysite.store", "pk": 9, "fields": {"name": "Store9", "books": [81, 82, 83, 84, 85, 86, 87, 88, 89, 90]}}, {"model": "mysite.store", "pk": 10, "fields": {"name": "Store10", "books": [91, 92, 93, 94, 95, 96, 97, 98, 99, 100]}}]